Name,tag
007bbfb7,0
00d62c1b,1
017c7c7b,2
025d127b,3
045e512c,4
0520fde7,5
5269061,6
05f2a901,7
06df4c85,8
08ed6ac7,9
09629e4f,10
0962bcdd,11
0a938d79,12
0b148d64,13
0ca9ddb6,14
0d3d703e,15
0dfd9992,16
0e206a2e,17
10fcaaa3,18
11852cab,19
1190e5a7,20
137eaa0f,21
150deff5,22
178fcbfb,23
1a07d186,24
1b2d62fb,25
1b60fb0c,26
1bfc4729,27
1c786137,28
1caeab9d,29
1cf80156,30
1e0a9b12,31
1e32b0e9,32
1f0c79e5,33
1f642eb9,34
1f85a75f,30
1f876c06,35
1fad071e,36
2013d3e2,37
2204b7a8,38
22168020,39
22233c11,40
2281f1f4,41
228f6490,42
22eb0ac0,43
234bbc79,44
23581191,45
239be575,46
23b5c85d,47
253bf280,48
